# SU, 0-based Feature
0.32054501,39
0.32017586,19
0.19562365,55
0.15251083,1
0.12478091,9
0.07640196,2
0.04715757,0
0.04366610,11
0.03472985,20
